transaction_id,sender_name,receiver_name,amount,timestamp,payment_method,location
TXN_000001,Patrick Campos,David Harris,317841.53,2025-06-27 14:34:11,Wallet,Conniefurt
TXN_000002,Keith Gomez,Robert Elliott,65110.81,2025-06-29 14:21:48,Card,Thomasburgh
TXN_000003,Paul Wade,Curtis Wilson,168051.5,2025-06-25 05:10:48,Wallet,Ericside
TXN_000004,Jessica Robinson,Gregory Lucas,244376.19,2025-06-22 18:35:11,Net Banking,Derekmouth
TXN_000005,Rachael Torres,Norma Anderson,490216.45,2025-06-28 10:07:30,Net Banking,East Williamberg
TXN_000006,Emily Dalton,Eric Dunn,248005.09,2025-06-24 15:28:59,Net Banking,New Justin
TXN_000007,Daniel Mcguire,James Anderson,420529.41,2025-06-18 23:13:00,UPI,Brookschester
TXN_000008,Sean Edwards,Roberta Rodriguez,306292.57,2025-06-06 09:58:10,Net Banking,East Sharonburgh
TXN_000009,Heather Gonzales,Crystal Kerr,95649.2,2025-06-21 16:03:46,UPI,Kimberlymouth
TXN_000010,Lori Conrad,Alexis Mendez,307587.87,2025-06-25 07:55:11,Wallet,Arianachester
TXN_000011,Kimberly Smith,Leslie King,399514.88,2025-06-30 09:39:35,UPI,South Seanberg
TXN_000012,Joseph Reed,James Davis,295609.89,2025-06-27 00:12:23,Net Banking,West Tiffany
TXN_000013,Mw Bruce Roberdson,Mark Garcia,306464.71,2025-06-09 05:27:04,UPI,Wileychester
TXN_000014,Mv Michael Buck,William Holder,227961.61,2025-06-06 21:03:15,Card,Michaelfurt
TXN_000015,Brittney Cochran,Andre Thornton,260392.51,2025-06-06 04:40:40,Card,Williamland
TXN_000016,"Pierce, Odonnell and Harris",Donald Hinton,277660.31,2025-06-12 22:52:28,Wallet,Meganhaven
TXN_000017,Gary Brown,Isabella Robinson,345226.74,2025-06-06 21:31:06,Net Banking,Floresland
TXN_000018,Jeffery Kaiser,Derek Boyle,92480.19,2025-06-17 15:02:06,Wallet,Danielport
TXN_000019,Nicole Stevens,Amanda Johnson,418985.67,2025-06-22 03:40:51,Wallet,New Christophermouth
TXN_000020,James Gray,Patrick Reyes,113646.69,2025-06-10 15:16:49,UPI,Schmidtshire
TXN_000021,Lauren Sullivan,Andrea Valencia,346780.67,2025-07-04 10:42:10,Card,Beardport
TXN_000022,Cynthia Cobb,Lindsey Perkins,377416.52,2025-06-15 02:21:09,UPI,New Rickyberg
TXN_000023,Travis Hill,Derek Foster,315027.08,2025-06-12 23:25:01,Net Banking,Heatherbury
TXN_000024,Jason Stewart,Rebecca Richard,86065.92,2025-06-25 20:54:37,Wallet,West Brandonbury
TXN_000025,David Lewis,Dean Beck,353219.38,2025-06-28 00:28:56,Card,East Sabrinaberg
TXN_000026,Kathy Lutz,Allen Fernandez,199036.04,2025-06-14 20:48:12,Net Banking,Carterfurt
TXN_000027,David Robinson,Shannon Dunn MD,76444.51,2025-06-16 10:32:06,Wallet,Lake Andrewburgh
TXN_000028,Eric Bruce,Ryan Vasquez,130226.93,2025-06-23 13:11:02,Wallet,South Rebeccaborough
TXN_000029,Michael Mitchell,Robert Davis,69034.12,2025-06-23 14:00:20,Card,East Craig
TXN_000030,Morgan Avila,Thomas Williams,250096.65,2025-06-22 11:34:54,Wallet,East Keith
TXN_000031,Misty Meyer,Brandy Brooks,449045.88,2025-07-04 09:44:07,Wallet,Pacemouth
TXN_000032,Crystal Lambert,Mrs. Julie Johnson,85006.1,2025-06-15 15:57:47,Wallet,Thomaston
TXN_000033,Sarah Cisneros,Keith Hill,479682.2,2025-06-14 14:45:52,Card,Garyborough
TXN_000034,Vickie Wheeler,Stacey Turner,132838.87,2025-06-05 09:28:43,Card,Alexanderburgh
TXN_000035,Roger Ortiz,Mario Griffin,476536.75,2025-06-06 19:16:48,Wallet,Noahton
TXN_000036,Veronica Newton,Zachary Wilson,52987.24,2025-07-04 15:04:59,Wallet,Colestad
TXN_000037,"Mitchell, Landry And Marshall 457",David Smith,227591.88,2025-06-13 14:09:46,UPI,Reedbury
TXN_000038,David Gonzalez,Valerie Stafford,228276.57,2025-06-14 13:20:39,UPI,Port Evelyn
TXN_000039,Kevin Hines,Gabrielle Brown,416236.8,2025-06-20 07:37:32,UPI,New Kaitlinberg
TXN_000040,Kathleen Mitchell,Tiffany Mcguire,266872.02,2025-07-03 14:29:29,Wallet,Port Kylefort
TXN_000041,Ashley Randolph,Benjamin Miller,499624.94,2025-06-15 06:10:51,Wallet,Websterhaven
TXN_000042,Teresa Pitts,Cynthia Davis,88759.29,2025-06-05 15:18:22,Net Banking,Danieltown
TXN_000043,Lisa Berry,Joshua Glover,104194.52,2025-06-15 17:13:07,UPI,Currymouth
TXN_000044,Logan Moran,Sandra Stout,302107.18,2025-06-05 00:14:39,UPI,Brianfort
TXN_000045,Michael Rodriguez,Daniel Shepherd,479736.78,2025-06-13 21:34:20,Card,Jeremymouth
TXN_000046,Brandon Phillips,Stephanie Gordon,240700.73,2025-07-02 06:17:34,UPI,Port Carolineshire
TXN_000047,Wesley Durham,Eric Hall,408271.4,2025-07-01 21:29:58,UPI,Jasonburgh
TXN_000048,Lisa Peterson,April Cox,85806.48,2025-06-26 19:40:33,Card,Smithburgh
TXN_000049,Wayne Sanchez,James Wilson,156747.86,2025-06-26 23:00:47,UPI,North Rebeccahaven
TXN_000050,Sara Harris DVM,Elizabeth Flynn,219102.83,2025-07-03 08:13:27,Wallet,Joshuashire
TXN_000051,Timothy Miles,Thomas Nguyen,76170.39,2025-06-11 13:33:35,UPI,North Mike
TXN_000052,Jesus Martin,Arthur Myers,190778.75,2025-06-09 18:32:47,Wallet,Lake Darrell
TXN_000053,Michael Mckinney,Alexander Guzman,477632.24,2025-06-16 23:21:26,Card,New Brianborough
TXN_000054,Stephen Cameron,Paul Bradshaw,22932.6,2025-06-08 17:09:36,Wallet,West Curtis
TXN_000055,Miller Ltd 334,Roger Flores,495729.74,2025-06-16 03:27:51,Net Banking,Thomasmouth
TXN_000056,Michael Bryant,Kelli Taylor,421527.32,2025-06-29 10:19:49,Wallet,West Alexastad
TXN_000057,Sandra Rojas,Robert Pope,55806.2,2025-06-04 22:36:55,Wallet,Port Brandonmouth
TXN_000058,Greg Lane,Andrew Robertson,5013.05,2025-06-06 13:49:14,Card,West Marcusville
TXN_000059,Erin Little,Kenneth James,364438.72,2025-06-18 20:05:45,UPI,Krauseburgh
TXN_000060,Heather Henson,Kevin Ramos,234691.41,2025-06-10 20:48:51,Wallet,Salinasshire
TXN_000061,John Davis,Justin Ramos,263455.04,2025-07-02 19:21:06,Card,East Larry
TXN_000062,Catherine Holland,Kyle Howard,267902.61,2025-06-05 10:31:53,Wallet,Bauertown
TXN_000063,Anthony Gonzales,Andrew Alvarez,402878.42,2025-06-28 03:43:55,UPI,East Kennethberg
TXN_000064,Michael Martin,Elijah Hernandez,195809.34,2025-06-27 16:41:13,UPI,West Adamchester
TXN_000065,Erica Knox,Linda Nelson,35326.93,2025-06-13 10:27:53,UPI,South Robinstad
TXN_000066,Amy White,William Ward II,104009.77,2025-06-26 18:54:02,Net Banking,Jennamouth
TXN_000067,Brian Alexander,Heather Coleman,254455.67,2025-06-18 22:21:25,UPI,North Kevin
TXN_000068,Adam Garcia,Jennifer Adams,23328.68,2025-06-19 01:30:19,UPI,New Kyletown
TXN_000069,Jessica Taylor,Sheila Williams,264515.02,2025-06-30 08:19:37,UPI,East Doris
TXN_000070,Brooke Lyons,Jennifer Mann,379262.97,2025-06-10 06:31:44,Net Banking,Nicolemouth
TXN_000071,Michelle Gardner,Jeffrey Mendoza,454058.04,2025-06-16 15:32:06,Net Banking,North Jennifer
TXN_000072,Daniel Johnson,Kimberly Webster,457384.03,2025-06-14 22:22:14,Card,Austinside
TXN_000073,Christopher Patterson,Justin Campbell,484828.16,2025-06-18 17:49:01,UPI,Fitzpatrickport
TXN_000074,Gonzalez Inc,Steven Knox,483870.35,2025-06-13 09:15:23,Card,Jasminetown
TXN_000075,Joshua Frost,Sarah Miller,386270.61,2025-06-16 05:21:12,Net Banking,Weekschester
TXN_000076,Kimberly Lee,Frederick Chandler,274947.4,2025-06-28 22:54:41,UPI,Wrightfort
TXN_000077,Jacob Williams,Paige Price,401186.85,2025-06-27 08:24:10,Wallet,West Melindaport
TXN_000078,Tammy Matthews,Sherry Young,399922.68,2025-06-10 21:52:42,Wallet,Lake Dustin
TXN_000079,Alison Perkins,Meagan Murphy,313854.69,2025-07-03 07:09:41,Card,Gilmorefort
TXN_000080,Cody Reyes,Howard Gomez,142263.37,2025-06-16 02:48:05,Wallet,North James
TXN_000081,Jason Jones,Michael Collins,15817.98,2025-06-12 20:46:59,UPI,West Jacob
TXN_000082,Matthew Santos,Marcus Smith,329644.39,2025-06-29 15:30:58,Net Banking,South Juanbury
TXN_000083,Ashley Wiley,Jeremy Osborn,307100.22,2025-06-19 06:02:35,Net Banking,West Anthony
TXN_000084,Nv Melvin Black,Christopher Smith,130137.07,2025-07-03 03:04:02,Net Banking,Nataliestad
TXN_000085,Sydney Johnston,Katrina Jennings,44163.56,2025-06-21 07:53:49,Net Banking,North Crystal
TXN_000086,"Oneill, Pope and Hamilton Council",Frank Rodriguez,285693.48,2025-06-12 04:11:19,Net Banking,West Brent
TXN_000087,Morgan Ruiz,David Horton,302198.71,2025-06-24 08:14:56,Net Banking,North Benjamin
TXN_000088,Mario Shields,Rodney Castillo,157794.24,2025-06-22 13:59:57,Card,East Margaretside
TXN_000089,Heather Stevenson,Mr. Donald Glover,24957.58,2025-06-17 12:43:34,Card,East Brian
TXN_000090,Bim-Diene Herrera,Derrick Cooper,445795.01,2025-07-01 09:50:34,UPI,Christineside
TXN_000091,Christy Copeland,James Wells,405152.57,2025-06-16 12:14:51,Net Banking,New Kyle
TXN_000092,Daniel Franklin,Jack Coffey,353001.79,2025-06-12 09:41:27,Wallet,South Olivia
TXN_000093,MV Brian Byrd,Brandon Johnson,367486.82,2025-06-08 00:04:32,Card,Smithstad
TXN_000094,Jill Goodwin,Adam Guzman,88032.74,2025-06-20 20:07:14,UPI,North Kevin
TXN_000095,Eric Horn,Mario West,263891.04,2025-06-24 17:02:14,UPI,Lake Robertton
TXN_000096,Eric Huynh,Amanda Kemp,464714.9,2025-07-01 21:07:18,Wallet,Jamesmouth
TXN_000097,Teresa Davis,Bradley Baker,167787.45,2025-06-09 07:12:27,Net Banking,Woodsstad
TXN_000098,Cassandra Thompson,Megan Robertson,259707.53,2025-07-02 13:15:34,UPI,East Kevintown
TXN_000099,Andrew Smith,Kenneth Coffey,262559.9,2025-06-18 02:31:37,Net Banking,South Joshuaville
TXN_000100,Andrew Graham,Amber Tanner,102191.53,2025-06-05 18:22:59,Wallet,Jennifertown
